{"content":[{"name":"game.projectc","size":4634,"pieces":[{"name":"game.projectc0","offset":0}]},{"name":"game.arci","size":13168,"pieces":[{"name":"game.arci0","offset":0}]},{"name":"game.arcd","size":13920496,"pieces":[{"name":"game.arcd0","offset":0},{"name":"game.arcd1","offset":2097152},{"name":"game.arcd2","offset":4194304},{"name":"game.arcd3","offset":6291456},{"name":"game.arcd4","offset":8388608},{"name":"game.arcd5","offset":10485760},{"name":"game.arcd6","offset":12582912}]},{"name":"game.dmanifest","size":13508,"pieces":[{"name":"game.dmanifest0","offset":0}]},{"name":"game.public.der","size":162,"pieces":[{"name":"game.public.der0","offset":0}]}]}